{
    "Profiles": [
        {
            "Working Directory": "~",
            "Prompt Before Closing 2": false,
            "Selected Text Color": {
                "Green Component": 0.96078431606292725,
                "Red Component": 0.56078433990478516,
                "Blue Component": 0.52549022436141968
            },
            "Rows": 25,
            "Ansi 11 Color": {
                "Green Component": 0.94117647409439087,
                "Red Component": 0.91372549533843994,
                "Blue Component": 0.42745098471641541
            },
            "Use Italic Font": true,
            "HotKey Characters": "\r",
            "Foreground Color": {
                "Green Component": 0.96078431606292725,
                "Red Component": 0.56078433990478516,
                "Blue Component": 0.52549022436141968
            },
            "HotKey Window Floats": true,
            "Right Option Key Sends": 0,
            "Character Encoding": 4,
            "Selection Color": {
                "Green Component": 0.31001487374305725,
                "Red Component": 0.033376686275005327,
                "Blue Component": 0.69326639175415039
            },
            "Mouse Reporting": true,
            "Ansi 4 Color": {
                "Green Component": 0.96078431606292725,
                "Red Component": 0.56078433990478516,
                "Blue Component": 0.52549022436141968
            },
            "Non-ASCII Anti Aliased": true,
            "Sync Title": false,
            "Disable Window Resizing": true,
            "Description": "Neon Theme",
            "Close Sessions On End": true,
            "Jobs to Ignore": [
                "rlogin",
                "ssh",
                "slogin",
                "telnet"
            ],
            "Scrollback Lines": 0,
            "HotKey Window Reopens On Activation": false,
            "Draw Powerline Glyphs": false,
            "Flashing Bell": false,
            "Cursor Guide Color": {
                "Red Component": 0.70214027166366577,
                "Color Space": "sRGB",
                "Blue Component": 1,
                "Alpha Component": 0.25,
                "Green Component": 0.92681378126144409
            },
            "BM Growl": true,
            "Ansi 3 Color": {
                "Green Component": 0.90588235855102539,
                "Red Component": 0.91372549533843994,
                "Blue Component": 0.36078432202339172
            },
            "Use Non-ASCII Font": false,
            "Link Color": {
                "Red Component": 0,
                "Color Space": "sRGB",
                "Blue Component": 0.73422712087631226,
                "Alpha Component": 1,
                "Green Component": 0.35915297269821167
            },
            "Shortcut": "",
            "Background Image Location": "",
            "Bold Color": {
                "Green Component": 0.54509806632995605,
                "Red Component": 0.14117647707462311,
                "Blue Component": 0.43921568989753723
            },
            "Unlimited Scrollback": true,
            "Custom Command": "Yes",
            "HotKey Key Code": 36,
            "Keyboard Map": {
                "0x33-0x200000-0x0": {
                    "Text": "3",
                    "Action": 12
                },
                "0x2f-0x200000-0x0": {
                    "Text": "\/",
                    "Action": 12
                },
                "0x3-0x200000-0x0": {
                    "Text": "0xd",
                    "Action": 11
                },
                "0x38-0x200000-0x0": {
                    "Text": "8",
                    "Action": 12
                },
                "0xf728-0x80000-0x0": {
                    "Text": "d",
                    "Action": 10
                },
                "0xf70e-0x20000-0x0": {
                    "Text": "[23;2~",
                    "Action": 10
                },
                "0xf701-0x220000-0x0": {
                    "Text": "[1;2B",
                    "Action": 10
                },
                "0x32-0x40000-0x0": {
                    "Text": "0x00",
                    "Action": 11
                },
                "0xf700-0x240000-0x0": {
                    "Text": "[1;5A",
                    "Action": 10
                },
                "0xf703-0x220000-0x0": {
                    "Text": "[1;2C",
                    "Action": 10
                },
                "0xf70b-0x20000-0x0": {
                    "Text": "[19;2~",
                    "Action": 10
                },
                "0xf702-0x240000-0x0": {
                    "Text": "[1;5D",
                    "Action": 10
                },
                "0xf701-0x280000": {
                    "Action": 11,
                    "Text": "0x1b 0x1b 0x5b 0x42"
                },
                "0xf701-0x260000-0x0": {
                    "Text": "[1;6B",
                    "Action": 10
                },
                "0xf72b-0x40000-0x0": {
                    "Text": "[1;5F",
                    "Action": 10
                },
                "0xf703-0x260000-0x0": {
                    "Text": "[1;6C",
                    "Action": 10
                },
                "0x31-0x200000-0x0": {
                    "Text": "1",
                    "Action": 12
                },
                "0xf702-0x280000-0x0": {
                    "Text": "b",
                    "Action": 10
                },
                "0x2d-0x200000-0x0": {
                    "Text": "-",
                    "Action": 12
                },
                "0xf709-0x20000-0x0": {
                    "Text": "[17;2~",
                    "Action": 10
                },
                "0xf700-0x280000": {
                    "Action": 11,
                    "Text": "0x1b 0x1b 0x5b 0x41"
                },
                "0x36-0x200000-0x0": {
                    "Text": "6",
                    "Action": 12
                },
                "0xf706-0x20000-0x0": {
                    "Text": "[1;2R",
                    "Action": 10
                },
                "0x36-0x40000-0x0": {
                    "Text": "0x1e",
                    "Action": 11
                },
                "0xf729-0x40000-0x0": {
                    "Text": "[1;5H",
                    "Action": 10
                },
                "0x2d-0x40000-0x0": {
                    "Text": "0x1f",
                    "Action": 11
                },
                "0xf702-0x300000-0x0": {
                    "Text": "0x1",
                    "Action": 11
                },
                "0x7f-0x80000-0x0": {
                    "Text": "0x1b 0x7f",
                    "Action": 11
                },
                "0x33-0x40000-0x0": {
                    "Text": "0x1b",
                    "Action": 11
                },
                "0x2b-0x200000-0x0": {
                    "Text": "+",
                    "Action": 12
                },
                "0x34-0x200000-0x0": {
                    "Text": "4",
                    "Action": 12
                },
                "0xf70d-0x20000-0x0": {
                    "Text": "[21;2~",
                    "Action": 10
                },
                "0xf72b-0x20000-0x0": {
                    "Text": "[1;2F",
                    "Action": 10
                },
                "0x39-0x200000-0x0": {
                    "Text": "9",
                    "Action": 12
                },
                "0xf70a-0x20000-0x0": {
                    "Text": "[18;2~",
                    "Action": 10
                },
                "0x37-0x40000-0x0": {
                    "Text": "0x1f",
                    "Action": 11
                },
                "0xf708-0x20000-0x0": {
                    "Text": "[15;2~",
                    "Action": 10
                },