{
  "Ansi 7 Color (Light)" : {
    "Green Component" : 0.93353169999999996,
    "Blue Component" : 0.93353169999999996,
    "Red Component" : 0.93353169999999996
  },
  "Ansi 15 Color (Light)" : {
    "Green Component" : 1,
    "Blue Component" : 1,
    "Red Component" : 1
  },
  "Ansi 2 Color (Light)" : {
    "Green Component" : 1,
    "Blue Component" : 0.37647059999999999,
    "Red Component" : 0.65882350000000001
  },
  "Bold Color" : {
    "Green Component" : 1,
    "Blue Component" : 1,
    "Red Component" : 1
  },
  "Ansi 1 Color (Dark)" : {
    "Green Component" : 0.4235294,
    "Blue Component" : 0.37647059999999999,
    "Red Component" : 1
  },
  "Use Bright Bold" : false,
  "Ansi 9 Color (Light)" : {
    "Green Component" : 0.71372550000000001,
    "Blue Component" : 0.69019609999999998,
    "Red Component" : 1
  },
  "Ansi 8 Color (Dark)" : {
    "Green Component" : 0.4862745,
    "Blue Component" : 0.4862745,
    "Red Component" : 0.4862745
  },
  "Use Bright Bold (Dark)" : false,
  "Background Color" : {
    "Green Component" : 0,
    "Blue Component" : 0,
    "Red Component" : 0
  },
  "Ansi 8 Color" : {
    "Green Component" : 0.3333333432674408,
    "Blue Component" : 0.3333333432674408,
    "Red Component" : 0.3333333432674408
  },
  "Columns" : 120,
  "Has Hotkey" : true,
  "Ansi 4 Color (Light)" : {
    "Green Component" : 0.79607839999999996,
    "Blue Component" : 0.99607840000000003,
    "Red Component" : 0.58823530000000002
  },
  "Blinking Cursor" : false,
  "Cursor Boost" : 0,
  "Selected Text Color (Light)" : {
    "Green Component" : 0.94760049999999996,
    "Blue Component" : 0.94760049999999996,
    "Red Component" : 0.94760049999999996
  },
  "Space" : -1,
  "Selected Text Color (Dark)" : {
    "Green Component" : 0.94760049999999996,
    "Blue Component" : 0.94760049999999996,
    "Red Component" : 0.94760049999999996
  },
  "HotKey Modifier Flags" : 262144,
  "Cursor Type" : 2,
  "Keyboard Map" : {
    "0xf728-0x0" : {
      "Action" : 11,
      "Text" : "0x4"
    },
    "0xf702-0x280000" : {
      "Action" : 10,
      "Text" : "b"
    },
    "0xf702-0x300000" : {
      "Action" : 11,
      "Text" : "0x1"
    },
    "0xf703-0x280000" : {
      "Action" : 10,
      "Text" : "f"
    },
    "0xf728-0x80000" : {
      "Action" : 10,
      "Text" : "d"
    },
    "0x7f-0x100000" : {
      "Action" : 11,
      "Text" : "0x15"
    },
    "0xf703-0x300000" : {
      "Action" : 11,
      "Text" : "0x5"
    },
    "0x7f-0x80000" : {
      "Action" : 11,
      "Text" : "0x1b 0x7f"
    }
  },
  "Ansi 3 Color (Dark)" : {
    "Green Component" : 1,
    "Blue Component" : 0.71372550000000001,
    "Red Component" : 1
  },
  "Only The Default BG Color Uses Transparency" : true,
  "Cursor Text Color" : {
    "Green Component" : 1,
    "Blue Component" : 1,
    "Red Component" : 1
  },
  "Scrollback Lines" : 0,
  "Selection Color (Light)" : {
    "Green Component" : 0.22248570000000001,
    "Blue Component" : 0.51530609999999999,
    "Red Component" : 0.20990739999999999
  },
  "Ansi 0 Color" : {
    "Green Component" : 0,
    "Blue Component" : 0,
    "Red Component" : 0
  },
  "Match Background Color (Dark)" : {
    "Red Component" : 0.99697142839431763,
    "Color Space" : "P3",
    "Blue Component" : 0.32116127014160156,
    "Alpha Component" : 1,
    "Green Component" : 0.98600882291793823
  },
  "Ansi 11 Color (Light)" : {
    "Green Component" : 1,
    "Blue Component" : 0.7996491,
    "Red Component" : 1
  },
  "Ansi 5 Color (Dark)" : {
    "Green Component" : 0.4509804,
    "Blue Component" : 0.99215690000000001,
    "Red Component" : 1
  },
  "Cursor Text Color (Light)" : {
    "Green Component" : 1,
    "Blue Component" : 1,
    "Red Component" : 1
  },
  "Rows" : 25,
  "Draw Powerline Glyphs" : true,
  "Guid" : "A1B2C3D4-E5F6-47A8-9B10-111213141516",
  "Ansi 14 Color (Dark)" : {
    "Green Component" : 0.87631029999999999,
    "Blue Component" : 0.99703969999999997,
    "Red Component" : 0.87591359999999996
  },
  "Ansi 15 Color (Dark)" : {
    "Green Component" : 1,
    "Blue Component" : 1,
    "Red Component" : 1
  },
  "Ansi 0 Color (Dark)" : {
    "Green Component" : 0.30978869999999997,
    "Blue Component" : 0.30978869999999997,
    "Red Component" : 0.30978869999999997
  },
  "Ambiguous Double Width" : false,
  "HotKey Modifier Activation" : 0,
  "Ansi 3 Color" : {
    "Green Component" : 0.73333334922790527,
    "Blue Component" : 0,
    "Red Component" : 0.73333334922790527
  },
  "Window Type" : 2,
  "HotKey Window Dock Click Action" : 0,
  "Prompt Before Closing 2" : false,
  "Command" : "\/opt\/homebrew\/bin\/fish",
  "Selected Text Color" : {
    "Green Component" : 0,
    "Blue Component" : 0,
    "Red Component" : 0
  },
  "HotKey Window Reopens On Activation" : false,
  "Ansi 14 Color (Light)" : {
    "Green Component" : 0.87631029999999999,
    "Blue Component" : 0.99703969999999997,
    "Red Component" : 0.87591359999999996
  },
  "Cursor Guide Color (Dark)" : {
    "Red Component" : 0.74862593412399292,
    "Color Space" : "P3",
    "Blue Component" : 0.99125725030899048,
    "Alpha Component" : 0.25,
    "Green Component" : 0.92047786712646484
  },
  "ASCII Ligatures" : true,
  "Ansi 6 Color" : {
    "Green Component" : 0.73333334922790527,
    "Blue Component" : 0.73333334922790527,
    "Red Component" : 0
  },
  "Jobs to Ignore" : [
    "rlogin",
    "ssh",
    "slogin",
    "telnet"
  ],
  "Badge Color (Dark)" : {
    "Red Component" : 0.92929404973983765,
    "Color Space" : "P3",
    "Blue Component" : 0.13960540294647217,
    "Alpha Component" : 0.5,
    "Green Component" : 0.25479039549827576
  },
  "Cursor Color" : {
    "Green Component" : 0.73333334922790527,
    "Blue Component" : 0.73333334922790527,
    "Red Component" : 0.73333334922790527
  },
  "Vertical Spacing" : 1,
  "Disable Window Resizing" : true,
  "Use Selected Text Color (Dark)" : false,
  "Close Sessions On End" : 1,
  "Selection Color (Dark)" : {
    "Green Component" : 0.22248570000000001,
    "Blue Component" : 0.51530609999999999,
    "Red Component" : 0.20990739999999999
  },
  "Default Bookmark" : "No",
  "HotKey Activated By Modifier" : false,
  "Foreground Color (Light)" : {
    "Green Component" : 0.73333334922790527,
    "Blue Component" : 0.73333334922790527,
    "Red Component" : 0.73333334922790527
  },
  "Custom Command" : "Custom Shell",
  "Background Color (Dark)" : {
    "Green Component" : 0,
    "Blue Component" : 0,
    "Red Component" : 0
  },
  "Ansi 9 Color" : {
    "Green Component" : 0.3333333432674408,
    "Blue Component" : 0.3333333432674408,
    "Red Component" : 1
  },
  "Ansi 14 Color" : {
    "Green Component" : 1,
    "Blue Component" : 1,
    "Red Component" : 0.3333333432674408
  },
  "Use Italic Font" : true,
  "Ansi 13 Color (Dark)" : {
    "Green Component" : 0.61330589999999996,
    "Blue Component" : 0.99652090000000004,
    "Red Component" : 1
  },
  "Minimum Contrast" : 0,
  "Cursor Guide Color (Light)" : {
    "Red Component" : 0.74862593412399292,
    "Color Space" : "P3",
    "Blue Component" : 0.99125725030899048,
    "Alpha Component" : 0.25,
    "Green Component" : 0.92047786712646484
  },
  "Ansi 12 Color" : {
    "Green Component" : 0.3333333432674408,
    "Blue Component" : 1,
    "Red Component" : 0.3333333432674408
  },
  "Ansi 10 Color (Light)" : {
    "Green Component" : 1,
    "Blue Component" : 0.67277030000000004,
    "Red Component" : 0.80941479999999999
  },
  "Animate Movement" : false,
  "HotKey Window Floats" : true,
  "Non-ASCII Anti Aliased" : true,
  "Ansi 10 Color" : {
    "Green Component" : 1,
    "Blue Component" : 0.3333333432674408,
    "Red Component" : 0.3333333432674408
  },
  "Foreground Color" : {
    "Green Component" : 0.73333334922790527,
    "Blue Component" : 0.73333334922790527,
    "Red Component" : 0.73333334922790527
  },
  "Link Color (Light)" : {
    "Red Component" : 0.14513972401618958,
    "Color Space" : "P3",